doc_id,source,domain,crawled_at,title,body
billing-reconciliation-canonical,synthetic_fixture,docs.example,2026-06-13,Billing reconciliation procedure,"Billing reconciliation starts from an immutable invoice export and a matching ledger snapshot. Analysts normalize currencies, group line items by account, compare tax and discount rules, and isolate unexplained differences for manual review. The signed report preserves input hashes, calculation versions, exception owners, and approval timestamps. Repeated exports are linked to one reconciliation case instead of creating independent financial conclusions."
billing-reconciliation-mirror,synthetic_fixture,mirror.example,2026-06-12,Billing reconciliation procedure mirror,"Billing reconciliation starts from an immutable invoice export and a matching ledger snapshot. Analysts normalize currencies, group line items by account, compare tax and discount rules, and isolate unexplained differences for manual review. The signed report preserves input hashes, calculation versions, exception owners, and approval timestamps. Repeated exports are linked to one reconciliation case instead of creating independent financial conclusions."
billing-reconciliation-revision,synthetic_fixture,archive.example,2026-06-11,Billing reconciliation procedure revision,"Billing reconciliation starts from an immutable invoice export and a matching ledger snapshot. Analysts normalize currencies, group line items by account, compare tax and discount rules, and isolate unresolved differences for manual review. The signed report preserves input hashes, calculation versions, exception owners, and approval timestamps. Repeated exports are linked to one reconciliation case instead of creating independent financial conclusions."
incident-routing-canonical,synthetic_fixture,docs.example,2026-06-12,Incident routing handbook,"The incident routing handbook assigns each alert to a service owner and escalation policy. Responders confirm severity, attach timeline evidence, suppress duplicate notifications, and record the mitigation decision before closing the event. A handoff includes affected regions, customer impact, current safeguards, and the next update time. These steps prevent parallel teams from treating repeated alerts as unrelated failures during a coordinated response."
incident-routing-mirror,synthetic_fixture,mirror.example,2026-06-11,Incident routing handbook mirror,"The incident routing handbook assigns each alert to a service owner and escalation policy. Responders confirm severity, attach timeline evidence, suppress duplicate notifications, and record the mitigation decision before closing the event. A handoff includes affected regions, customer impact, current safeguards, and the next update time. These steps prevent parallel teams from treating repeated alerts as unrelated failures during a coordinated response."
incident-routing-revision,synthetic_fixture,archive.example,2026-06-10,Incident routing handbook revision,"The incident routing handbook assigns each alert to a service owner and escalation policy. Responders confirm severity, attach timeline evidence, suppress duplicate notifications, and record the containment decision before closing the event. A handoff includes affected regions, customer impact, current safeguards, and the next update time. These steps prevent parallel teams from treating repeated alerts as unrelated failures during a coordinated response."
model-registry-canonical,synthetic_fixture,docs.example,2026-06-14,Model registry promotion,"A model registry promotion requires a fixed training run, evaluation report, data lineage record, and accountable approver. The release job verifies artifact hashes, serving compatibility, rollback configuration, and policy thresholds before assigning a production alias. Failed checks create review tasks rather than partial deployments. The registry keeps prior aliases and decision evidence so teams can reproduce which model version served each audited request."
model-registry-mirror,synthetic_fixture,mirror.example,2026-06-13,Model registry promotion mirror,"A model registry promotion requires a fixed training run, evaluation report, data lineage record, and accountable approver. The release job verifies artifact hashes, serving compatibility, rollback configuration, and policy thresholds before assigning a production alias. Failed checks create review tasks rather than partial deployments. The registry keeps prior aliases and decision evidence so teams can reproduce which model version served each audited request."
model-registry-revision,synthetic_fixture,archive.example,2026-06-12,Model registry promotion revision,"A model registry promotion requires a fixed training run, evaluation report, data lineage record, and designated approver. The release job verifies artifact hashes, serving compatibility, rollback configuration, and policy thresholds before assigning a production alias. Failed checks create review tasks rather than partial deployments. The registry keeps prior aliases and decision evidence so teams can reproduce which model version served each audited request."
retention-policy-canonical,synthetic_fixture,docs.example,2026-06-15,Retention policy rollout,"A retention policy rollout maps each dataset to a classification, legal basis, owner, and deletion schedule. The implementation inventories storage locations, validates hold exceptions, simulates expiration, and records the number of affected objects before enforcement. Reviewers approve discrepancies and monitor deletion receipts after activation. Duplicate inventories are consolidated by dataset identity so conflicting schedules cannot silently govern the same retained material."
retention-policy-mirror,synthetic_fixture,mirror.example,2026-06-14,Retention policy rollout mirror,"A retention policy rollout maps each dataset to a classification, legal basis, owner, and deletion schedule. The implementation inventories storage locations, validates hold exceptions, simulates expiration, and records the number of affected objects before enforcement. Reviewers approve discrepancies and monitor deletion receipts after activation. Duplicate inventories are consolidated by dataset identity so conflicting schedules cannot silently govern the same retained material."
retention-policy-revision,synthetic_fixture,archive.example,2026-06-13,Retention policy rollout revision,"A retention policy rollout maps each dataset to a classification, legal basis, owner, and deletion schedule. The implementation inventories storage locations, validates hold exceptions, simulates expiration, and records the number of affected objects before enforcement. Reviewers approve exceptions and monitor deletion receipts after activation. Duplicate inventories are consolidated by dataset identity so conflicting schedules cannot silently govern the same retained material."
retrieval-index-canonical,synthetic_fixture,docs.example,2026-06-11,Retrieval index release,"A retrieval index release begins with canonical documents and named owners. The pipeline removes retired pages, validates source timestamps, splits approved text into reviewable chunks, and records every artifact in a release manifest. Operators compare source counts before publishing, inspect rejected chunks, and retain the previous index until citation checks pass. This procedure keeps freshness decisions, transformation history, and rollback evidence available to reviewers."
retrieval-index-mirror,synthetic_fixture,mirror.example,2026-06-10,Retrieval index release mirror,"A retrieval index release begins with canonical documents and named owners. The pipeline removes retired pages, validates source timestamps, splits approved text into reviewable chunks, and records every artifact in a release manifest. Operators compare source counts before publishing, inspect rejected chunks, and retain the previous index until citation checks pass. This procedure keeps freshness decisions, transformation history, and rollback evidence available to reviewers."
retrieval-index-revision,synthetic_fixture,archive.example,2026-06-09,Retrieval index release revision,"A retrieval index release begins with canonical documents and named owners. The pipeline removes retired pages, validates source timestamps, splits approved text into reviewable chunks, and records every artifact in a release manifest. Operators compare source counts before publishing, inspect rejected chunks, and retain the previous index until citation checks pass. This procedure keeps freshness decisions, transformation history, and rollback evidence available to auditors."
support-routing-canonical,synthetic_fixture,docs.example,2026-06-16,Support knowledge routing,"Support knowledge routing begins when an article receives a product, locale, owner, and effective version. Editors remove obsolete instructions, connect equivalent questions, test referenced commands, and publish only after the validation checklist succeeds. Search analytics identify repeated articles and stale variants for consolidation. The release record preserves redirects and source identifiers so an answer can cite the canonical article instead of an uncontrolled copy."
support-routing-mirror,synthetic_fixture,mirror.example,2026-06-15,Support knowledge routing mirror,"Support knowledge routing begins when an article receives a product, locale, owner, and effective version. Editors remove obsolete instructions, connect equivalent questions, test referenced commands, and publish only after the validation checklist succeeds. Search analytics identify repeated articles and stale variants for consolidation. The release record preserves redirects and source identifiers so an answer can cite the canonical article instead of an uncontrolled copy."
support-routing-revision,synthetic_fixture,archive.example,2026-06-14,Support knowledge routing revision,"Support knowledge routing begins when an article receives a product, locale, owner, and effective version. Editors remove obsolete instructions, connect related questions, test referenced commands, and publish only after the validation checklist succeeds. Search analytics identify repeated articles and stale variants for consolidation. The release record preserves redirects and source identifiers so an answer can cite the canonical article instead of an uncontrolled copy."
unique-access,synthetic_fixture,unique.example,2026-06-23,Access certification guide,"Managers certify privileged access by checking current responsibilities, separation of duties, expiration dates, and evidence for every retained role."
unique-api,synthetic_fixture,unique.example,2026-06-25,API retirement schedule,"An API retirement schedule records replacement endpoints, customer adoption, warning milestones, traffic thresholds, and the final disablement decision."
unique-backup,synthetic_fixture,unique.example,2026-06-26,Backup restoration exercise,"A restoration exercise measures recovery time, validates checksums, reconstructs service dependencies, and documents gaps found in the backup procedure."
unique-capacity,synthetic_fixture,unique.example,2026-06-22,Capacity forecast notes,"Capacity planners combine seasonal demand, failover headroom, purchase lead time, and measured saturation to produce a quarterly infrastructure forecast."
unique-localization,synthetic_fixture,unique.example,2026-06-21,Localization glossary review,Terminology reviewers compare approved translations against product strings and regional style guidance before publishing a glossary revision.
unique-release-notes,synthetic_fixture,unique.example,2026-06-24,Release note checklist,"Release notes identify user-visible changes, migration steps, known limitations, compatibility requirements, and links to verified rollback instructions."
